{"inputUnits":[34],"outputUnits":7,"inputs":{"0":{"dtype":"number","min":257.7194023504127,"max":377.2067311307375},"1":{"dtype":"number","min":229.70079507511724,"max":275.9641023453681},"2":{"dtype":"number","min":275.20381191320587,"max":392.23438939620644},"3":{"dtype":"number","min":211.0903395267955,"max":255.1541357802601},"4":{"dtype":"number","min":238.6944151761239,"max":358.17986464175095},"5":{"dtype":"number","min":211.60466779742325,"max":243.91028272245825},"6":{"dtype":"number","min":303.8151859632942,"max":397.35887969911215},"7":{"dtype":"number","min":228.08618497197853,"max":267.0490911829541},"8":{"dtype":"number","min":212.2863900405854,"max":293.25622915524485},"9":{"dtype":"number","min":223.37658857973923,"max":248.23927910936737},"10":{"dtype":"number","min":356.51086877893516,"max":394.79959409836437},"11":{"dtype":"number","min":290.0102207116913,"max":347.8398325661702},"12":{"dtype":"number","min":161.65902477955956,"max":240.79715646963137},"13":{"dtype":"number","min":302.47694703338203,"max":351.62485342044346},"14":{"dtype":"number","min":390.43375651041663,"max":501.05765716374265},"15":{"dtype":"number","min":261.0777571233857,"max":484.8542830260873},"16":{"dtype":"number","min":57.13941905001218,"max":172.23473145483064},"17":{"dtype":"number","min":282.2349337155823,"max":500.46507599293363},"18":{"dtype":"number","min":282.1101876123142,"max":467.1066355565835},"19":{"dtype":"number","min":183.65153351722404,"max":555.1207115961562},"20":{"dtype":"number","min":37.75803460015191,"max":335.96859580592104},"21":{"dtype":"number","min":118.36262069018031,"max":524.5797568873355},"22":{"dtype":"number","min":315.1732874939084,"max":389.3746394999543},"23":{"dtype":"number","min":450.4722461365817,"max":550.6571933679413},"24":{"dtype":"number","min":165.5762361225329,"max":248.07791607654116},"25":{"dtype":"number","min":478.87536591721323,"max":552.128356576663},"26":{"dtype":"number","min":309.39730698137487,"max":385.8746742412128},"27":{"dtype":"number","min":414.61892408701874,"max":550.2962899905199},"28":{"dtype":"number","min":151.32245812964484,"max":260.84869533486767},"29":{"dtype":"number","min":479.79716340003654,"max":555.4187704759266},"30":{"dtype":"number","min":290.18171879283165,"max":395.0704132139566},"31":{"dtype":"number","min":489.17016458790204,"max":561.3197662769934},"32":{"dtype":"number","min":155.77230829012092,"max":259.8012520230537},"33":{"dtype":"number","min":536.5938044616818,"max":562.1105457328216}},"outputs":{"0":{"dtype":"string","min":0,"max":1,"uniqueValues":["a","b","c","d","e","f","g"],"legend":{"a":[1,0,0,0,0,0,0],"b":[0,1,0,0,0,0,0],"c":[0,0,1,0,0,0,0],"d":[0,0,0,1,0,0,0],"e":[0,0,0,0,1,0,0],"f":[0,0,0,0,0,1,0],"g":[0,0,0,0,0,0,1]}}},"isNormalized":true}