{"inputUnits":[34],"outputUnits":7,"inputs":{"0":{"dtype":"number","min":250.5815888938383,"max":404.64978074934515},"1":{"dtype":"number","min":182.24013865807365,"max":237.00918944955566},"2":{"dtype":"number","min":264.2068142361111,"max":407.4899553741395},"3":{"dtype":"number","min":168.17527012518275,"max":216.14144278780992},"4":{"dtype":"number","min":234.57621107789274,"max":394.8071759021305},"5":{"dtype":"number","min":164.78248402853922,"max":209.60626137419285},"6":{"dtype":"number","min":287.168369702196,"max":409.4810018855461},"7":{"dtype":"number","min":181.39309234321695,"max":224.5119900173611},"8":{"dtype":"number","min":215.42929190176503,"max":338.09741609510155},"9":{"dtype":"number","min":175.18822504530638,"max":210.6430303562454},"10":{"dtype":"number","min":331.0479867202729,"max":433.3816516422621},"11":{"dtype":"number","min":246.25324212087293,"max":287.41250080904297},"12":{"dtype":"number","min":178.87541832282528,"max":296.3341032924243},"13":{"dtype":"number","min":251.33728800693683,"max":287.2636666400158},"14":{"dtype":"number","min":359.11612250419154,"max":514.2155304847405},"15":{"dtype":"number","min":196.81781255710888,"max":411.9738912303545},"16":{"dtype":"number","min":126.8268000730994,"max":257.93255603336684},"17":{"dtype":"number","min":194.74663390518396,"max":426.2205365573221},"18":{"dtype":"number","min":272.0313404224537,"max":466.8525282356009},"19":{"dtype":"number","min":161.10304388154086,"max":487.8328813400417},"20":{"dtype":"number","min":119.08093933938306,"max":368.8042064763417},"21":{"dtype":"number","min":47.88221571180554,"max":493.7520452131305},"22":{"dtype":"number","min":335.28342858624967,"max":380.7215598777488},"23":{"dtype":"number","min":433.36327387343135,"max":511.62812409577543},"24":{"dtype":"number","min":214.63893421909265,"max":286.7246524446424},"25":{"dtype":"number","min":432.73935120937654,"max":553.1082926670246},"26":{"dtype":"number","min":314.65628700181986,"max":426.4564790781478},"27":{"dtype":"number","min":483.6283520555403,"max":557.5243121885184},"28":{"dtype":"number","min":160.09121483994272,"max":307.3988035919606},"29":{"dtype":"number","min":458.3805909630847,"max":565.3501050328185},"30":{"dtype":"number","min":293.9456164860121,"max":417.9266013876039},"31":{"dtype":"number","min":536.1287723414846,"max":564.3109315273589},"32":{"dtype":"number","min":156.46186694764253,"max":316.7845507764909},"33":{"dtype":"number","min":518.0413511993825,"max":563.4269342552616}},"outputs":{"0":{"dtype":"string","min":0,"max":1,"uniqueValues":["g","a","b","c","d","e","f"],"legend":{"g":[1,0,0,0,0,0,0],"a":[0,1,0,0,0,0,0],"b":[0,0,1,0,0,0,0],"c":[0,0,0,1,0,0,0],"d":[0,0,0,0,1,0,0],"e":[0,0,0,0,0,1,0],"f":[0,0,0,0,0,0,1]}}},"isNormalized":true}